Title,Company,Location,Experience,Summary,Skills
Technical Writer,,"Ann Arbor, MI, USA",4-6 year,,
Staff Software Engineer (Frontend),,"Ann Arbor, MI, USA",8-10 year,,
Principal Software Engineer,,"Ann Arbor, MI, USA",8-10 year,,
Machine Learning Engineer,,"Ann Arbor, MI, USA",4-6 year,,
"Machine Learning Engineer, Customer Success",,"Ann Arbor, MI, USA",2-4 year,,
"Junior Engineer, Architecture & SDK",,"Riyadh, Saudi Arabia",2-4 year,,
"Software Engineer, Applications & CustomerSolutions",,"Ann Arbor, MI, USA",2-4 year,,
"Senior Technical Product Manager, Platform",,"New York, NY, USA",4-6 year,,
"Software Engineer II, AI/ML, Cloud AIInfrastructure",,"Taipei, Taiwan",2-4 year,,
Machine Learning Physical Design Engineer,,"Bengaluru, Karnataka, India",4-6 year,,
"Senior Data Scientist, Research, Chrome",,"Waterloo, ON, Canada",8-10 year,,
"Data Science Manager, gTech Ads Solutions",,"Warsaw, Poland",8-10 year,,
"Software Engineer II, Vertex AI Search Platform",,"Warsaw, Poland",2-4 year,,
"Senior Software Engineer, Machine Learning, CloudAI",,"Warsaw, Poland",8-10 year,,
"Financial Analyst, Supply Chain and SiliconFinance",,"Mountain View, CA, USA",4-6 year,,
"Senior Software Engineer, Machine Learning,Privacy Sandbox",,"New York, NY, USA",6-8 year,,
"Senior Software Engineer, Geo, AI/ML",,"Mountain View, CA, USA",6-8 year,,
"Research Data Scientist, Cloud Security",,"San Francisco, CA, USA; Sunnyvale, CA, USA",6-8 year,,
"Technical Program Manager II, NPI DeploymentPlanning, Technical Infrastructure",,"Atlanta, GA, USA",2-4 year,,
"Staff Software Engineer, Core Data MLInfrastructure",,"Sunnyvale, CA, USA",8-10 year,,
Technical Writer,,"Ann Arbor, MI, USA",4-6 year,,
Staff Software Engineer (Frontend),,"Ann Arbor, MI, USA",8-10 year,,
Principal Software Engineer,,"Ann Arbor, MI, USA",8-10 year,,
Machine Learning Engineer,,"Ann Arbor, MI, USA",4-6 year,,
"Machine Learning Engineer, Customer Success",,"Ann Arbor, MI, USA",2-4 year,,
"Junior Engineer, Architecture & SDK",,"Riyadh, Saudi Arabia",2-4 year,,
"Software Engineer, Applications & CustomerSolutions",,"Ann Arbor, MI, USA",2-4 year,,
"Senior Technical Product Manager, Platform",,"New York, NY, USA",4-6 year,,
"Software Engineer II, AI/ML, Cloud AIInfrastructure",,"Taipei, Taiwan",2-4 year,,
Machine Learning Physical Design Engineer,,"Bengaluru, Karnataka, India",4-6 year,,
"Senior Data Scientist, Research, Chrome",,"Waterloo, ON, Canada",8-10 year,,
"Data Science Manager, gTech Ads Solutions",,"Warsaw, Poland",8-10 year,,
"Software Engineer II, Vertex AI Search Platform",,"Warsaw, Poland",2-4 year,,
"Senior Software Engineer, Machine Learning, CloudAI",,"Warsaw, Poland",8-10 year,,
"Financial Analyst, Supply Chain and SiliconFinance",,"Mountain View, CA, USA",4-6 year,,
"Senior Software Engineer, Machine Learning,Privacy Sandbox",,"New York, NY, USA",6-8 year,,
"Senior Software Engineer, Geo, AI/ML",,"Mountain View, CA, USA",6-8 year,,
"Research Data Scientist, Cloud Security",,"San Francisco, CA, USA; Sunnyvale, CA, USA",6-8 year,,
"Technical Program Manager II, NPI DeploymentPlanning, Technical Infrastructure",,"Atlanta, GA, USA",2-4 year,,
"Staff Software Engineer, Core Data MLInfrastructure",,"Sunnyvale, CA, USA",8-10 year,,
